#{"t_start": 1776916360.9957356, "env_id": "None"}
r,l,t
100.0,1,3.640534
100.0,1,18.239696
57.856542,23,43.590324
100.0,1,45.839036
38.72612,23,71.12243
100.0,1,73.369667
52.120242,23,98.699569
100.0,1,100.903568
31.74893,23,126.189224
100.0,1,128.439735
49.219582,23,153.780273
100.0,1,156.331716
-1.242252,23,181.659388
100.0,1,183.91211
47.124306,23,209.199992
100.0,1,211.450343
-5.56615,23,236.84346
100.0,1,239.189432
5.672236,23,264.569801
100.0,1,266.773001
16.791952,23,292.060287
100.0,1,294.40975
21.838419,23,320.441252
100.0,1,322.689877
5.696353,23,347.990577
100.0,1,350.281152
47.565343,23,375.730023
100.0,1,377.982457
55.589324,23,403.270026
100.0,1,405.521705
39.402202,23,430.862907
100.0,1,433.110379
50.413875,23,458.494031
100.0,1,460.739702
32.678894,23,486.134935
100.0,1,488.379184
34.022098,23,513.760402
100.0,1,516.009008
40.875001,23,541.350055
100.0,1,543.599662
2.173226,23,568.940484
100.0,1,571.189995
-18.629999,23,596.521405
100.0,1,598.770169
6.149639,23,624.709372
100.0,1,626.961291
-16.956268,23,652.299902
100.0,1,654.555568
57.864051,24,680.719013
100.0,1,682.972268
42.12293,23,708.272227
100.0,1,710.571544
30.534838,23,735.921635
100.0,1,738.16959
51.534494,23,763.549619
100.0,1,765.899989
-18.629999,23,791.239385
100.0,1,793.490336
44.445892,23,818.82936
100.0,1,821.080339
69.718256,23,846.419762
100.0,1,848.670139
54.571787,23,873.911412
100.0,1,876.159096
71.128682,23,902.151001
100.0,1,904.399503
30.372972,23,929.689075
100.0,1,932.039298
66.198752,23,957.329256
100.0,1,959.535902
-18.629999,23,984.870797
100.0,1,987.119069
61.828986,23,1012.460578
100.0,1,1014.712158
-18.963801,23,1040.100185
100.0,1,1042.350039
49.099701,23,1067.699203
100.0,1,1069.989161
63.061805,23,1095.291892
100.0,1,1097.539185
40.260687,23,1122.930705
100.0,1,1125.179103
54.014111,23,1150.520135
100.0,1,1152.771021
26.542864,23,1178.163171
100.0,1,1180.409526
39.829644,23,1206.249586
100.0,1,1208.499537
8.238356,23,1233.791308
100.0,1,1236.040179
38.828575,23,1261.331116
100.0,1,1263.580593
-11.441411,23,1288.969692
100.0,1,1291.220364
44.461213,23,1316.460466
100.0,1,1318.714347
163.871511,22,1343.060555
62.395267,23,1368.349496
100.0,1,1370.64022
45.952291,23,1395.940166
100.0,1,1398.190363
27.886371,23,1423.532633
100.0,1,1425.780368
61.392105,23,1451.269256
100.0,1,1453.519853
30.589079,23,1478.859999
100.0,1,1481.11011
77.462576,23,1507.001478
100.0,1,1509.251228
63.822586,23,1534.580568
100.0,1,1536.830791
72.935397,23,1562.180053
100.0,1,1564.432031
42.194189,23,1589.719701
-100.0,1,1591.969473
70.611229,23,1617.310509
100.0,1,1619.515119
27.340618,23,1644.789464
100.0,1,1647.042068
49.061518,23,1672.390352
100.0,1,1674.596033
59.940821,23,1699.979796
100.0,1,1702.232334
43.216829,23,1727.579366
100.0,1,1729.973354
40.369064,23,1755.219565
100.0,1,1757.473622
41.022449,23,1782.812284
100.0,1,1785.060085
73.569119,23,1810.849947
100.0,1,1813.100565
56.07624,23,1838.49333
100.0,1,1840.74007
63.431542,23,1866.079076
100.0,1,1868.333459
34.966708,23,1893.719767
100.0,1,1895.970722
55.946958,23,1921.319238
100.0,1,1923.570105
31.313481,23,1948.850207
100.0,1,1951.100204
45.639292,23,1976.390996
100.0,1,1978.640074
52.237366,23,2004.030631
100.0,1,2006.281343
53.259515,23,2031.624807
100.0,1,2033.832512
51.797587,23,2059.170783
100.0,1,2061.459403
84.519783,23,2087.309536
100.0,1,2089.560161
55.301574,23,2114.899935
100.0,1,2117.15024
40.28592,23,2142.539399
100.0,1,2144.789268
35.601374,23,2170.181476
100.0,1,2172.43006
37.489377,23,2197.779634
100.0,1,2200.029877
60.34709,23,2225.419482
100.0,1,2227.769466
38.791219,23,2253.063958
100.0,1,2255.309259
65.841234,23,2280.689793
100.0,1,2282.940901
54.038754,23,2308.181013
100.0,1,2310.529661
26.765786,23,2335.919896
100.0,1,2338.127602
63.069578,23,2363.422992
100.0,1,2365.671441
64.968938,23,2391.662915
100.0,1,2393.909688
4.036949,23,2419.20982
100.0,1,2421.504882
51.330328,23,2446.800109
100.0,1,2449.054702
58.343515,23,2474.341154
100.0,1,2476.589374
53.464661,23,2501.979645
100.0,1,2504.230526
0.020072,23,2529.569397
100.0,1,2531.820756
100.0,1,2534.070423
100.0,1,2536.322861
73.849412,23,2561.620583
100.0,1,2563.869925
26.037228,23,2589.262039
100.0,1,2591.514282
59.54602,23,2616.852567
100.0,1,2619.099819
55.179947,23,2644.490253
100.0,1,2646.746253
57.02753,23,2672.590221
100.0,1,2674.941863
67.378841,23,2700.329602
100.0,1,2702.579901
49.56952,23,2727.970492
100.0,1,2730.170367
8.432303,23,2755.561681
100.0,1,2757.809757
25.105574,23,2783.152809
100.0,1,2785.401951
-7.28187,23,2810.750071
100.0,1,2813.000212
43.868164,23,2838.251576
100.0,1,2840.499331
45.59945,23,2865.841928
100.0,1,2868.089728
79.556724,23,2893.379516
100.0,1,2895.629926
75.29357,23,2920.969261
100.0,1,2923.219161
46.256648,23,2948.57127
100.0,1,2950.825641
35.515467,23,2976.660617
100.0,1,2978.909825
71.491978,23,3004.259532
-100.0,1,3006.463456
78.881062,23,3031.75526
100.0,1,3034.099464
83.037275,23,3059.439656
100.0,1,3061.639819
-4.384774,23,3087.042522
100.0,1,3089.290614
79.358111,23,3114.629515
100.0,1,3116.881566
37.967963,23,3142.179317
100.0,1,3144.430004
46.209138,23,3169.780036
-100.0,1,3172.076095
-12.166132,23,3197.371534
100.0,1,3199.620085
33.135687,23,3224.91045
100.0,1,3227.160511
60.77022,23,3252.550414
100.0,1,3254.799875
74.023313,23,3280.639524
100.0,1,3282.891684
71.838492,23,3308.090055
100.0,1,3310.344037
17.97184,23,3335.679461
100.0,1,3337.934715
61.156393,23,3363.28257
100.0,1,3365.534256
41.126589,23,3390.972178
100.0,1,3393.221622
85.819938,23,3418.569561
100.0,1,3420.825516
-15.669731,23,3446.160145
100.0,1,3448.412383
67.570728,23,3473.799832
100.0,1,3476.049816
84.964839,23,3501.400507
100.0,1,3503.701303
40.122182,23,3529.00553
100.0,1,3531.254819
67.524035,23,3557.090729
100.0,1,3559.339562
-18.629999,23,3584.589839
100.0,1,3586.845253
72.65612,23,3612.180962
100.0,1,3614.429495
91.340936,23,3639.820415
100.0,1,3642.06932
88.869782,23,3667.371399
100.0,1,3669.620447
70.200482,23,3695.010492
100.0,1,3697.260015
52.237393,23,3722.512503
100.0,1,3724.763205
61.50538,23,3750.105953
100.0,1,3752.349305
47.955948,23,3777.741202
100.0,1,3779.989779
-10.029325,23,3805.33989
100.0,1,3807.593054
54.77598,23,3832.940113
100.0,1,3835.233037
16.98256,23,3861.07932
100.0,1,3863.330225
65.075244,23,3888.67959
100.0,1,3890.929993
60.301552,23,3916.269444
100.0,1,3918.519925
-2.53906,23,3943.910293
100.0,1,3946.163514
50.219518,23,3971.549498
100.0,1,3973.80073
47.345631,23,3999.099818
100.0,1,4001.350115
53.976486,23,4026.691044
100.0,1,4028.939737
78.650816,23,4054.330057
100.0,1,4056.580123
64.525856,23,4081.930023
100.0,1,4084.180593
46.555365,23,4109.570232
-100.0,1,4111.820786
83.714376,23,4137.210976
100.0,1,4139.561579
73.653453,23,4165.359938
100.0,1,4167.564809
71.406525,23,4192.910602
100.0,1,4195.201728
70.074376,23,4220.549009
100.0,1,4222.799463
82.200024,23,4248.100816
100.0,1,4250.349873
77.686011,23,4275.740408
100.0,1,4277.991639
-11.877359,23,4303.331977
100.0,1,4305.53325
54.309846,23,4330.879821
100.0,1,4333.13223
65.307839,23,4358.519883
100.0,1,4360.873054
11.519557,23,4386.220999
100.0,1,4388.469129
42.335694,23,4413.721378
100.0,1,4415.969995
12.054075,23,4441.859547
100.0,1,4444.110044
15.195929,23,4469.451386
100.0,1,4471.699462
-100.0,1,4473.950726
100.0,1,4476.203495
58.263204,23,4501.550315
100.0,1,4503.800237
57.525515,23,4529.153558
100.0,1,4531.355594
78.384865,23,4556.739405
78.852308,23,4581.995912
100.0,1,4584.283726
72.547014,23,4609.632192
100.0,1,4611.879142
71.515699,23,4637.240032
100.0,1,4639.494597
43.775277,23,4664.879472
100.0,1,4667.130192
83.497651,23,4692.480523
100.0,1,4694.731058
24.253532,23,4720.120469
100.0,1,4722.324381
101.394764,23,4748.119481
100.0,1,4750.370254
69.0246,23,4775.719427
100.0,1,4777.924394
78.50622,23,4803.260495
100.0,1,4805.509144
68.453415,23,4830.811507
100.0,1,4833.009282
35.342597,23,4858.359225
100.0,1,4860.565446
78.400416,23,4885.852499
100.0,1,4888.101016
58.003005,23,4913.400677
100.0,1,4915.699269
54.380138,23,4940.951749
100.0,1,4943.153092
49.519074,23,4968.49969
100.0,1,4970.749267
-100.0,1,4973.000448
100.0,1,4975.299479
67.693274,23,5000.599491
100.0,1,5002.857488
45.721864,23,5028.200004
100.0,1,5030.449378
-100.0,1,5032.699557
100.0,1,5034.98984
51.605965,23,5060.942539
100.0,1,5063.191256
-9.933162,23,5088.491081
100.0,1,5090.739675
45.3717,23,5116.090009
100.0,1,5118.339089
66.071507,23,5143.745053
100.0,1,5145.993731
57.412519,23,5171.38003
100.0,1,5173.630105
69.566437,23,5199.030069
100.0,1,5201.28188
68.461711,23,5226.629573
100.0,1,5228.880987
35.357124,23,5254.2705
100.0,1,5256.520598
67.647575,23,5281.869721
100.0,1,5284.073858
88.450437,23,5309.32032
100.0,1,5311.574508
-18.629999,23,5337.425371
100.0,1,5339.669703
66.166529,23,5365.019657
100.0,1,5367.314983
76.110613,23,5392.610415
100.0,1,5394.862128
42.165766,23,5420.259751
100.0,1,5422.509462
84.827303,23,5447.862277
100.0,1,5450.111038
68.217955,23,5475.49961
100.0,1,5477.749567
57.252119,23,5503.149733
100.0,1,5505.399819
48.346675,23,5530.749666
100.0,1,5532.952245
-100.0,1,5535.199666
100.0,1,5537.450069
38.10899,23,5562.852004
100.0,1,5565.099884
48.697161,23,5590.503999
100.0,1,5592.752013
40.491147,23,5618.091268
100.0,1,5620.342662
71.183653,23,5646.190221
100.0,1,5648.439301
58.22374,23,5673.841926
100.0,1,5676.090813
-6.461808,23,5701.391858
100.0,1,5703.639629
-100.0,1,5705.889926
100.0,1,5708.140181
101.727208,23,5733.48967
100.0,1,5735.74371
-12.094147,23,5761.069721
100.0,1,5763.420238
60.167323,23,5788.822276
100.0,1,5791.068986
178.679471,23,5816.410927
88.42603,23,5841.659838
100.0,1,5843.909984
-100.0,1,5846.160801
100.0,1,5848.419867
-2.671289,23,5873.770148
100.0,1,5876.02011
59.654359,23,5901.219418
100.0,1,5903.471442
59.008669,23,5929.359648
100.0,1,5931.616931
58.659899,23,5956.960764
100.0,1,5959.210065
77.61405,23,5984.559633
100.0,1,5986.814898
81.799272,23,6012.159751
100.0,1,6014.410053
45.006467,23,6039.699939
100.0,1,6041.949401
35.665709,23,6067.349835
100.0,1,6069.601182
75.061629,23,6095.002249
100.0,1,6097.250472
51.676226,23,6122.551739
100.0,1,6124.80011
55.391236,23,6150.199974
100.0,1,6152.451171
79.73656,23,6177.751383
100.0,1,6180.000528
53.471555,23,6205.350002
100.0,1,6207.640199
66.969063,23,6233.439643
100.0,1,6235.789896
53.57841,23,6261.190901
100.0,1,6263.441977
-4.662716,23,6288.749798
100.0,1,6290.999535
41.857994,23,6316.350703
100.0,1,6318.599756
74.398243,23,6343.904186
100.0,1,6346.149964
94.028621,23,6371.550234
100.0,1,6373.801447
43.451017,23,6399.09926
100.0,1,6401.349732
9.715233,23,6426.699468
100.0,1,6428.953215
86.705168,23,6454.260027
100.0,1,6456.514482
66.137932,23,6481.900674
100.0,1,6484.150782
68.967286,23,6509.509603
100.0,1,6511.76019
61.960274,23,6537.612216
100.0,1,6539.864827
71.448143,23,6565.159405
100.0,1,6567.4097
93.104146,23,6592.80067
100.0,1,6595.05263
66.151434,23,6620.449219
100.0,1,6622.699183
68.653018,23,6648.011356
100.0,1,6650.259574
60.814448,23,6675.609471
100.0,1,6677.865141
46.352581,23,6703.249689
100.0,1,6705.45456
86.386742,23,6730.809354
100.0,1,6733.064351
100.158797,23,6758.409713
100.0,1,6760.65975
-18.629999,23,6786.009677
100.0,1,6788.259293
65.944767,23,6814.109946
100.0,1,6816.360037
79.104756,23,6841.759458
100.0,1,6844.009387
-100.0,1,6846.26057
100.0,1,6848.609652
97.610451,23,6874.009354
100.0,1,6876.262815
65.658265,23,6901.61953
100.0,1,6903.87055
89.925931,23,6929.259775
-100.0,1,6931.610219
73.581705,23,6956.859739
100.0,1,6959.119728
3.995577,23,6984.471668
100.0,1,6986.719697
48.131577,23,7012.122677
100.0,1,7014.373705
76.566082,23,7039.629789
100.0,1,7041.883089
55.74121,23,7067.219657
100.0,1,7069.473976
72.673018,23,7094.779432
100.0,1,7097.031873
93.254663,23,7122.879231
100.0,1,7125.129818
62.387105,23,7150.484736
100.0,1,7152.72991
64.85606,23,7178.130658
100.0,1,7180.379337
69.921242,23,7205.780391
100.0,1,7208.029154
81.303814,23,7233.339826
100.0,1,7235.593448
93.246619,23,7260.939334
100.0,1,7263.190469
20.061143,23,7288.539577
-100.0,1,7290.842677
65.485963,23,7316.189531
100.0,1,7318.440242
66.082525,23,7343.749554
100.0,1,7346.004677
4.374129,23,7371.350004
100.0,1,7373.60072
76.391201,23,7398.999263
100.0,1,7401.249407
62.95512,23,7427.101346
100.0,1,7429.350663
-21.977729,23,7454.71428
100.0,1,7456.960225
-100.0,1,7459.159724
100.0,1,7461.409374
78.515064,23,7486.762754
100.0,1,7489.00995
82.266316,23,7514.219942
100.0,1,7516.46953
72.325131,23,7541.771804
100.0,1,7544.019929
168.945939,23,7569.419629
93.088173,23,7594.769853
100.0,1,7597.01938
63.649795,23,7622.23279
100.0,1,7624.581571
42.960633,23,7649.930713
100.0,1,7652.184426
53.70232,23,7677.530012
100.0,1,7679.829964
64.180529,23,7705.729601
100.0,1,7707.980623
71.214341,23,7733.29204
100.0,1,7735.539814
91.969829,23,7760.939765
100.0,1,7763.18942
59.842307,23,7788.54008
100.0,1,7790.790054
179.035265,23,7816.139488
93.62713,23,7841.539533
-100.0,1,7843.78931
76.532528,23,7869.149878
100.0,1,7871.399153
-4.989036,23,7896.750786
100.0,1,7899.005059
89.936945,23,7924.351378
100.0,1,7926.600909
-12.167279,23,7951.999212
100.0,1,7954.204106
77.892809,23,7979.499529
100.0,1,7981.799938
63.041046,23,8007.649647
100.0,1,8009.900644
38.202523,23,8035.260115
100.0,1,8037.510522
-12.076211,23,8062.95964
100.0,1,8065.163071
95.209499,23,8090.559305
100.0,1,8092.762528
55.67746,23,8118.12169
100.0,1,8120.378842
82.140483,23,8145.721051
100.0,1,8147.969771
98.541146,23,8173.281283
100.0,1,8175.532368
63.794892,23,8200.930574
100.0,1,8203.179571
100.715787,23,8228.580126
100.0,1,8230.929591
-100.0,1,8233.180483
100.0,1,8235.430397
72.323669,23,8260.740724
100.0,1,8262.989906
-100.0,1,8265.190507
100.0,1,8267.440268
88.070968,23,8293.291711
100.0,1,8295.540116
83.123836,23,8320.899858
100.0,1,8323.053596
83.590984,23,8348.452519
100.0,1,8350.701968
73.209985,23,8376.009982
100.0,1,8378.26201
179.805636,21,8401.574743
71.108531,23,8426.870415
100.0,1,8429.12692
99.767326,23,8454.51931
100.0,1,8456.770376
80.266275,23,8482.081105
100.0,1,8484.332632
59.854044,23,8509.729072
100.0,1,8511.979565
68.37523,23,8537.289898
100.0,1,8539.54998
65.840362,23,8565.004194
100.0,1,8567.250053
41.637314,23,8593.150102
100.0,1,8595.399191
67.422206,23,8620.749666
100.0,1,8622.94944
16.106158,23,8648.269684
100.0,1,8650.462874
95.111781,23,8675.769174
100.0,1,8677.969714
68.265227,23,8703.370135
100.0,1,8705.573366
79.819349,23,8730.870123
100.0,1,8733.17953
66.985505,23,8758.432032
100.0,1,8760.633856
84.041644,23,8786.043757
100.0,1,8788.292297
104.703946,23,8813.689118
100.0,1,8815.942658
-10.02638,23,8841.251455
100.0,1,8843.509705
92.109046,23,8868.850444
100.0,1,8871.100224
179.077503,22,8895.969954
43.619678,23,8921.369264
100.0,1,8923.619474
56.898794,23,8948.979568
100.0,1,8951.234608
21.021656,23,8976.629421
100.0,1,8978.833035
94.409514,23,9004.199048
100.0,1,9006.449743
56.644518,23,9031.900015
100.0,1,9034.304414
179.490905,22,9058.549476
9.304327,23,9083.909487
100.0,1,9086.163185
-11.875881,23,9111.560179
100.0,1,9113.812696
73.624661,23,9139.219843
100.0,1,9141.471119
-12.015177,23,9166.831735
100.0,1,9169.079103
179.645712,21,9192.8948
179.484263,22,9217.24263
81.295752,23,9242.60999
100.0,1,9244.809732
57.764235,23,9270.159403
100.0,1,9272.409715
64.077659,23,9297.809669
100.0,1,9300.060483
65.046774,23,9325.370941
100.0,1,9327.62429
42.33837,24,9353.83015
100.0,1,9356.03089
58.51134,23,9381.430203
100.0,1,9383.681683
101.028174,23,9408.990829
100.0,1,9411.241196
74.155143,23,9436.642029
100.0,1,9438.88931
80.818269,23,9464.249863
100.0,1,9466.50123
105.412371,23,9492.459384
100.0,1,9494.709095
26.351032,23,9520.070323
100.0,1,9522.321289
85.867284,23,9547.819687
100.0,1,9550.069771
16.319007,23,9575.434366
100.0,1,9577.682128
65.124368,23,9602.980355
100.0,1,9605.291005
88.664477,23,9630.490959
100.0,1,9632.742118
79.225564,23,9658.000959
100.0,1,9660.255427
85.75351,23,9685.751239
100.0,1,9688.000679
96.814755,23,9713.409393
100.0,1,9715.659804
73.327506,23,9741.02094
100.0,1,9743.271786
62.167879,23,9769.180322
100.0,1,9771.429683
82.768951,23,9796.790073
100.0,1,9799.04015
84.035484,23,9824.39108
100.0,1,9826.640712
67.334373,23,9852.051167
100.0,1,9854.300192
64.141673,23,9879.610041
100.0,1,9881.814607
76.906234,23,9907.171431
100.0,1,9909.420277
84.224931,23,9934.680066
100.0,1,9936.934858
53.39264,23,9962.280333
100.0,1,9964.540318
-22.088917,23,9989.79446
100.0,1,9992.039519
11.463459,23,10017.30144
100.0,1,10019.55201
79.027952,23,10044.859926
100.0,1,10047.110183
69.775337,23,10073.01063
-100.0,1,10075.259898
65.887359,23,10100.571103
100.0,1,10102.819576
65.739452,23,10128.182076
100.0,1,10130.430278
73.208513,23,10155.789297
100.0,1,10157.992872
179.365202,22,10182.304452
16.234724,23,10207.659922
100.0,1,10209.909762
-100.0,1,10212.159946
100.0,1,10214.409935
-11.929294,23,10239.819695
100.0,1,10242.06988
84.347214,23,10267.383193
100.0,1,10269.629595
72.638284,23,10295.040789
100.0,1,10297.28983
96.096117,23,10322.543844
100.0,1,10324.850086
90.528246,23,10350.200294
100.0,1,10352.449756
57.057147,23,10378.359351
100.0,1,10380.61012
51.844569,23,10406.020729
100.0,1,10408.270633
-11.078819,23,10433.63007
100.0,1,10435.883503
70.988304,23,10461.190745
100.0,1,10463.441963
25.67458,23,10488.801011
100.0,1,10491.049639
70.394302,23,10516.409568
100.0,1,10518.660087
164.238226,19,10539.771902
-10.200855,23,10565.020724
100.0,1,10567.282242
101.245739,23,10592.629341
100.0,1,10594.833217
-3.774408,23,10620.241659
100.0,1,10622.49298
74.000666,23,10648.399153
100.0,1,10650.651524
-18.629999,23,10676.07028
100.0,1,10678.321084
62.421521,23,10703.679729
100.0,1,10705.930082
64.075189,23,10731.339649
100.0,1,10733.592035
96.2094,23,10758.99992
100.0,1,10761.250009
55.691022,23,10786.612661
100.0,1,10788.859955
75.756605,23,10814.219584
100.0,1,10816.422688
-100.0,1,10818.669258
100.0,1,10820.919236
90.653313,23,10846.289443
100.0,1,10848.544101
41.130806,23,10873.901126
100.0,1,10876.149785
46.40677,23,10901.559566
100.0,1,10903.809697
62.217724,23,10929.120179
100.0,1,10931.369589
60.773312,23,10957.230659
100.0,1,10959.437912
-12.192917,23,10984.781352
100.0,1,10987.100278
95.500579,23,11012.449075
100.0,1,11014.699974
98.317772,23,11040.059744
100.0,1,11042.31402
94.632206,23,11067.56958
100.0,1,11069.820805
-18.629999,23,11095.130994
100.0,1,11097.379622
48.619605,23,11122.79082
100.0,1,11125.040864
58.610205,23,11150.451459
100.0,1,11152.700191
71.662938,23,11178.070174
100.0,1,11180.322322
52.930622,23,11205.680355
100.0,1,11207.930423
-100.0,1,11210.129665
100.0,1,11212.379979
74.969641,23,11237.741355
100.0,1,11239.989323
73.731049,23,11265.900803
100.0,1,11268.150012
53.467738,23,11293.561358
100.0,1,11295.810818
24.740633,23,11321.174186
100.0,1,11323.421947
58.156104,23,11348.791911
100.0,1,11351.047267
69.928088,23,11376.340207
100.0,1,11378.650323
56.762743,23,11404.000452
100.0,1,11406.250011
63.714652,23,11431.6604
100.0,1,11433.910486
-11.931485,23,11459.320204
100.0,1,11461.56999
-12.216978,23,11486.931578
100.0,1,11489.179179
74.195642,23,11514.540203
-100.0,1,11516.789819
83.226309,23,11542.650146
100.0,1,11544.90185
67.462281,23,11570.369902
100.0,1,11572.622293
52.134769,23,11597.981413
100.0,1,11600.229899
107.573889,23,11625.640549
100.0,1,11627.890069
22.35852,23,11653.259737
100.0,1,11655.509409
60.314617,23,11680.874688
100.0,1,11683.119831
71.494771,23,11708.531586
100.0,1,11710.879361
81.214132,23,11736.180379
100.0,1,11738.491158
62.767144,23,11763.840971
100.0,1,11766.09506
179.368968,22,11790.45313
76.339002,23,11815.82471
100.0,1,11818.069575
18.386175,23,11843.981256
100.0,1,11846.230755
77.794218,23,11871.4421
100.0,1,11873.690702
68.944544,23,11899.099441
100.0,1,11901.351004
73.399361,23,11926.725254
100.0,1,11928.97554
87.97701,23,11954.24121
100.0,1,11956.490059
92.023276,23,11981.852173
100.0,1,11984.101139
56.958869,23,12009.510345
100.0,1,12011.762537
64.730583,23,12037.109848
100.0,1,12039.419813
67.991123,23,12064.720289
100.0,1,12066.971002
111.160005,23,12092.293211
100.0,1,12094.54029
73.792339,23,12119.949224
100.0,1,12122.152822
96.357409,23,12148.059526
100.0,1,12150.30996
94.771493,23,12175.720112
100.0,1,12177.972751
94.404348,23,12203.380233
100.0,1,12205.629487
74.788101,23,12230.990023
100.0,1,12233.192318
82.560741,23,12258.499574
100.0,1,12260.753249
179.312481,22,12285.060649
22.969688,23,12310.381013
100.0,1,12312.629608
56.684215,23,12337.929288
100.0,1,12340.243426
65.012715,23,12365.589476
100.0,1,12367.839705
-11.870337,23,12393.251776
100.0,1,12395.504239
90.220321,23,12421.460148
100.0,1,12423.714149
93.488188,23,12449.040265
100.0,1,12451.389806
-3.086697,23,12476.749552
100.0,1,12479.003603
64.018906,23,12504.359285
100.0,1,12506.562045
75.687041,23,12531.880136
100.0,1,12534.134804
81.989416,23,12559.640338
100.0,1,12561.890645
58.807646,23,12587.251392
100.0,1,12589.502774
51.127459,23,12614.90942
100.0,1,12617.15966
86.238243,23,12642.53152
100.0,1,12644.782712
58.912502,23,12670.14003
100.0,1,12672.390502
58.124644,23,12697.789837
100.0,1,12700.059811
-100.0,1,12702.310051
100.0,1,12704.561484
70.016209,23,12730.47286
100.0,1,12732.719301
67.356388,23,12758.069411
100.0,1,12760.340647
83.604426,23,12785.639585
100.0,1,12787.844828
111.279467,23,12813.25979
100.0,1,12815.515118
8.667585,23,12840.873158
100.0,1,12843.075757
56.869157,23,12868.479795
100.0,1,12870.735097
47.055269,23,12896.089251
100.0,1,12898.343836
75.328289,23,12923.809588
100.0,1,12926.062989
22.316768,23,12951.469514
100.0,1,12953.721362
178.879856,22,12978.034395
67.349496,23,13003.449824
100.0,1,13005.699758
67.97198,23,13031.560127
100.0,1,13033.810329
83.550737,23,13059.161809
100.0,1,13061.4805
164.220499,18,13081.530045
56.317711,23,13106.891192
100.0,1,13109.144207
106.979978,23,13134.416353
100.0,1,13136.760349
73.273804,23,13162.169578
100.0,1,13164.420112
104.39947,23,13189.789679
-100.0,1,13192.04513
86.080927,23,13217.359878
100.0,1,13219.610475
94.689613,23,13244.970332
100.0,1,13247.219682
76.386664,23,13272.690744
100.0,1,13274.940552
70.809853,23,13300.189533
100.0,1,13302.510257
52.362182,23,13328.35996
100.0,1,13330.609615
60.592532,23,13356.029781
100.0,1,13358.279839
53.30989,23,13383.759636
100.0,1,13385.96433
43.588737,23,13411.330389
100.0,1,13413.580688
66.035655,23,13438.909474
100.0,1,13441.159777
89.140875,23,13466.489765
100.0,1,13468.739347
23.575203,23,13494.072026
100.0,1,13496.320045
42.93439,23,13521.689762
100.0,1,13523.940942
38.808056,23,13549.319973
100.0,1,13551.569214
41.601766,23,13577.000032
100.0,1,13579.252889
58.562711,23,13605.22981
100.0,1,13607.482273
20.27087,23,13632.820239
100.0,1,13635.069368
42.277851,23,13660.519603
100.0,1,13662.850394
86.894885,23,13688.153632
100.0,1,13690.399735
57.416596,23,13715.790743
100.0,1,13718.04092
73.442046,23,13743.47048
100.0,1,13745.720496
64.347763,23,13771.112963
100.0,1,13773.360173
76.167537,23,13798.751693
100.0,1,13801.002672
66.36819,23,13826.439899
100.0,1,13828.67996
168.616079,23,13853.970047
73.167794,23,13879.310543
100.0,1,13881.562644
28.225841,23,13907.49982
100.0,1,13909.749566
68.818821,23,13935.190039
100.0,1,13937.442463
20.522989,23,13962.879833
100.0,1,13965.131285
106.280232,23,13990.47988
100.0,1,13992.732464
59.252615,23,14018.119831
100.0,1,14020.470098
68.724826,23,14045.909309
100.0,1,14048.15996
-2.246699,23,14073.501265
100.0,1,14075.750238
73.685624,23,14101.129594
100.0,1,14103.380662
-9.173818,23,14128.78441
100.0,1,14131.029677
44.128533,23,14156.470055
100.0,1,14158.719138
62.665361,23,14184.151645
100.0,1,14186.399808
70.819262,23,14212.331968
100.0,1,14214.579668
70.452741,23,14239.969781
100.0,1,14242.219381
94.190672,23,14267.659909
100.0,1,14269.910102
164.124926,18,14290.014688
87.662624,23,14315.440085
100.0,1,14317.689269
96.451521,23,14343.070584
100.0,1,14345.319971
87.867278,23,14370.700147
100.0,1,14372.952781
73.531962,23,14398.380465
100.0,1,14400.632281
-12.343702,23,14426.021436
100.0,1,14428.269124
97.941255,23,14453.594149
100.0,1,14455.842702
107.969438,23,14481.271047
100.0,1,14483.521785
81.551416,23,14509.44949
100.0,1,14511.699334
80.152586,23,14537.030822
100.0,1,14539.280077
168.822507,23,14564.549371
113.967485,23,14589.848986
100.0,1,14592.099446
68.232083,23,14617.480425
100.0,1,14619.73095
83.531661,23,14645.161652
100.0,1,14647.411476
72.34259,23,14672.789253
100.0,1,14674.992499
115.619043,23,14700.349821
100.0,1,14702.600434
179.462636,22,14726.9799
69.57506,23,14752.359157
100.0,1,14754.609754
-100.0,1,14756.86047
100.0,1,14759.064961
107.0012,23,14784.989483
100.0,1,14787.243779
27.490393,23,14812.649847
100.0,1,14814.900073
70.917613,23,14840.3196
100.0,1,14842.572246
72.752821,23,14867.950868
100.0,1,14870.19982
66.165933,23,14895.619982
100.0,1,14897.870016
71.025837,23,14923.219231
100.0,1,14925.630372
-18.505335,23,14950.979556
100.0,1,14953.229451
86.913305,23,14978.649406
100.0,1,14980.900921
66.43626,23,15006.320368
100.0,1,15008.571755
-12.05642,23,15033.90395
100.0,1,15036.151032
72.739279,23,15061.552676
100.0,1,15063.799172
83.85966,23,15089.571411
100.0,1,15091.820715
72.597072,23,15117.239806
100.0,1,15119.44026
74.551037,23,15144.810163
100.0,1,15147.059985
77.044973,23,15172.360997
100.0,1,15174.609853
58.279128,23,15199.98164
100.0,1,15202.230326
25.750385,23,15227.54148
100.0,1,15229.792528
55.741481,23,15255.140157
100.0,1,15257.459585
23.106391,23,15282.661463
100.0,1,15284.914442
102.614095,23,15310.329384
100.0,1,15312.584744
-18.629999,23,15337.854927
100.0,1,15340.099212
81.773965,23,15365.512475
100.0,1,15367.761738
86.40518,23,15393.674272
100.0,1,15395.919474
106.061533,23,15421.329742
100.0,1,15423.583403
28.369955,23,15448.989071
100.0,1,15451.239748
14.538049,23,15476.710143
100.0,1,15478.960785
106.935443,23,15504.369677
100.0,1,15506.621463
73.263588,23,15532.03946
100.0,1,15534.294394
43.148883,23,15559.6504
100.0,1,15561.900534
61.979764,23,15587.320734
100.0,1,15589.569739
70.209302,23,15614.919751
100.0,1,15617.230621
89.228579,23,15642.53203
100.0,1,15644.781757
68.036977,23,15670.690094
100.0,1,15672.939987
88.639126,23,15698.210544
100.0,1,15700.459217
87.657783,23,15725.719443
100.0,1,15727.97243
57.312948,23,15753.379516
100.0,1,15755.630311
73.445139,23,15780.982823
100.0,1,15783.229806
86.388654,23,15808.589926
100.0,1,15810.840427
70.718522,23,15836.190269
100.0,1,15838.439756
87.381389,23,15863.801112
100.0,1,15865.99934
-3.503482,23,15891.350832
100.0,1,15893.601056
75.756214,23,15918.962444
100.0,1,15921.210545
179.44212,22,15945.464423
23.998713,23,15971.359839
100.0,1,15973.609277
17.901348,23,15998.851515
100.0,1,16001.105669
73.664061,23,16026.409207
100.0,1,16028.663154
80.213918,23,16053.974615
100.0,1,16056.174929
68.895455,23,16081.56919
-100.0,1,16083.824332
85.396183,23,16109.170382
100.0,1,16111.420506
25.158428,23,16136.8705
100.0,1,16139.119936
179.759076,21,16162.331919
18.92155,23,16187.629546
100.0,1,16189.929958
71.185173,23,16215.229683
100.0,1,16217.436309
68.314905,23,16242.82965
100.0,1,16245.082221
179.924738,21,16268.78984
77.668809,23,16294.139595
100.0,1,16296.390757
26.340498,23,16321.699153
100.0,1,16323.949433
23.517299,23,16349.339508
100.0,1,16351.591088
86.003532,23,16376.899162
100.0,1,16379.155014
65.239574,23,16404.509645
100.0,1,16406.75998
179.733034,21,16430.060798
83.794863,23,16455.410513
100.0,1,16457.663518
62.259993,23,16483.052139
100.0,1,16485.300037
164.505492,17,16504.400021
58.794015,23,16529.799805
100.0,1,16532.050211
87.14764,23,16557.963956
100.0,1,16560.210538
52.06117,23,16585.600465
100.0,1,16587.849482
-100.0,1,16590.104314
100.0,1,16592.449285
179.533359,22,16616.800483
41.950875,23,16642.150746
100.0,1,16644.402994
169.151534,23,16669.75002
87.745097,23,16694.999931
100.0,1,16697.200294
70.098276,23,16722.589395
100.0,1,16724.83983
60.973381,23,16750.189757
100.0,1,16752.444968
70.396057,23,16777.840058
100.0,1,16780.090481
106.22205,23,16805.490009
100.0,1,16807.740984
79.487317,23,16833.079396
100.0,1,16835.329522
88.297197,23,16861.231623
100.0,1,16863.479213
72.605973,23,16888.830311
100.0,1,16891.085291
84.257924,23,16916.472717
100.0,1,16918.720661
26.956767,23,16944.019842
100.0,1,16946.269757
73.317077,23,16971.459517
100.0,1,16973.709594
17.536097,23,16999.05948
100.0,1,17001.310221
55.816641,23,17026.559298
100.0,1,17028.810387
-18.629999,23,17054.210129
100.0,1,17056.460158
81.083033,23,17081.864183
100.0,1,17084.109148
-21.927963,23,17109.451435
100.0,1,17111.69951
83.918882,23,17137.05128
100.0,1,17139.800934
39.258362,23,17165.149932
100.0,1,17167.401156
68.424374,23,17192.79092
100.0,1,17195.040977
62.901111,23,17220.381354
100.0,1,17222.629276
73.111826,23,17247.936763
100.0,1,17250.180189
-100.0,1,17252.431858
100.0,1,17254.680842
83.234515,23,17279.981991
100.0,1,17282.229557
-12.271836,23,17307.530091
100.0,1,17309.779613
64.965114,23,17335.120677
100.0,1,17337.375035
23.84979,23,17362.659681
100.0,1,17364.913015
-3.577066,23,17390.289799
100.0,1,17392.541001
83.306372,23,17417.840124
100.0,1,17420.13401
23.287693,23,17445.930595
100.0,1,17448.18048
85.681262,23,17473.379726
100.0,1,17475.631344
56.038421,23,17500.970661
100.0,1,17503.219737
-12.266499,23,17528.55005
100.0,1,17530.80361
92.961604,23,17556.139709
100.0,1,17558.392144
83.428401,23,17583.780163
100.0,1,17586.029765
96.887111,23,17611.369133
100.0,1,17613.62
70.637606,23,17638.959919
100.0,1,17641.210184
17.991692,23,17666.601548
100.0,1,17668.803987
54.286482,23,17693.979584
100.0,1,17696.230987
179.923976,21,17719.480825
76.263567,23,17745.371632
100.0,1,17747.621443
-100.0,1,17749.871595
100.0,1,17752.159777
24.752711,23,17777.459162
100.0,1,17779.709786
99.638057,23,17805.199795
100.0,1,17807.45171
69.976548,23,17832.839454
-100.0,1,17835.09025
179.546785,22,17859.332044
24.868484,23,17884.710344
100.0,1,17886.96375
64.237758,23,17912.339801
100.0,1,17914.5915
87.534071,23,17939.931392
100.0,1,17942.179256
83.062685,23,17967.470721
100.0,1,17969.719362
83.514276,23,17994.949369
100.0,1,17997.200821
91.117072,23,18022.590148
100.0,1,18024.840648
61.498194,23,18050.740113
100.0,1,18053.021035
81.816639,23,18078.370604
100.0,1,18080.622559
71.455624,23,18105.914108
100.0,1,18108.159801
79.028869,23,18133.58959
100.0,1,18135.842188
62.510553,23,18161.17273
100.0,1,18163.519674
84.040413,23,18188.814805
100.0,1,18191.060456
179.44017,22,18215.339778
66.31532,23,18240.572239
100.0,1,18242.821233
99.741247,23,18268.199549
100.0,1,18270.452268
97.328087,23,18295.830314
100.0,1,18298.080579
57.527826,23,18324.059966
100.0,1,18326.31194
87.108424,23,18351.640392
100.0,1,18353.891233
22.908737,23,18379.24019
100.0,1,18381.479762
64.852151,23,18406.779882
100.0,1,18409.031183
66.80035,23,18434.360443
100.0,1,18436.610267
-14.269966,23,18461.893416
100.0,1,18464.240454
106.691447,23,18489.569304
100.0,1,18491.822693
97.918263,23,18517.049241
100.0,1,18519.302839
95.95312,23,18544.639982
100.0,1,18546.892216
70.852248,23,18572.220786
100.0,1,18574.469921
-12.17308,23,18599.749549
100.0,1,18601.999671
97.012617,23,18627.785351
100.0,1,18630.029774
104.021612,23,18655.410689
100.0,1,18657.660689
179.510695,22,18681.990024
92.441294,23,18707.290891
100.0,1,18709.540839
70.329444,23,18734.919172
100.0,1,18737.174405
86.974752,23,18762.549559
100.0,1,18764.75054
-100.0,1,18767.002174
100.0,1,18769.249943
25.501791,23,18794.630844
100.0,1,18796.879596
94.604402,23,18822.209511
100.0,1,18824.459368
82.830409,23,18849.842049
100.0,1,18852.1945
91.184125,23,18877.570258
100.0,1,18879.822934
51.360066,23,18905.101409
100.0,1,18907.354795
62.070442,23,18933.229964
100.0,1,18935.484245
23.940102,23,18960.81078
100.0,1,18963.059783
72.584881,23,18988.380442
100.0,1,18990.630152
82.8922,23,19015.874529
100.0,1,19018.119523
35.199105,23,19043.341447
100.0,1,19045.5913
94.036293,23,19070.939755
100.0,1,19073.27222
-16.502868,23,19098.62035
100.0,1,19100.869567
31.477559,23,19126.249572
100.0,1,19128.502698
74.388088,23,19153.779231
100.0,1,19155.984373
74.89348,23,19181.303463
100.0,1,19183.552045
59.659407,23,19209.334187
100.0,1,19211.580273
-18.629999,23,19236.962338
100.0,1,19239.21001
78.823457,23,19264.481387
100.0,1,19266.729414
-4.570969,23,19292.059472
100.0,1,19294.314608
72.136988,23,19319.579538
100.0,1,19321.832065
51.659163,23,19347.159796
100.0,1,19349.509666
-100.0,1,19351.761347
100.0,1,19354.010027
58.48458,23,19379.295569
100.0,1,19381.539948
63.333316,23,19406.911552
100.0,1,19409.159458
70.832661,23,19434.430787
100.0,1,19436.679492
59.666718,23,19461.93412
100.0,1,19464.162241
85.286472,23,19489.462084
100.0,1,19491.709005
78.426489,23,19517.540314
46.71308,23,19542.911813
100.0,1,19545.260528
84.034535,24,19571.440054
100.0,1,19573.690494
57.081834,23,19599.061009
100.0,1,19601.311366
62.030093,23,19626.689387
100.0,1,19628.940136
82.699978,23,19654.261458
-100.0,1,19656.511804
99.592042,23,19681.840491
100.0,1,19684.0922
164.198426,18,19704.209734
59.760176,23,19729.560224
100.0,1,19731.810368
75.148752,23,19757.19037
100.0,1,19759.439968
95.56177,23,19784.810318
100.0,1,19787.061077
55.025371,23,19812.930714
100.0,1,19815.180184
88.503408,23,19840.510041
-100.0,1,19842.764169
23.35197,23,19868.129277
100.0,1,19870.380179
81.162336,23,19895.70001
100.0,1,19897.899503
104.615987,23,19923.120143
100.0,1,19925.335737
81.245761,23,19950.555967
100.0,1,19952.800501
66.793208,23,19978.129585
100.0,1,19980.382792
67.163178,23,20005.750498
-100.0,1,20008.004949
79.065989,23,20033.26954
100.0,1,20035.52054
56.927843,23,20060.869827
100.0,1,20063.139917
36.960579,23,20088.892706
100.0,1,20091.240006
92.06671,23,20116.520139
100.0,1,20118.769799
68.521432,23,20144.041186
100.0,1,20146.290075
-18.629999,23,20171.569994
100.0,1,20173.820415
110.085115,23,20199.189453
100.0,1,20201.441075
66.140605,23,20226.809946
-100.0,1,20229.061886
44.162493,23,20254.430156
100.0,1,20256.681112
93.858539,23,20282.050112
100.0,1,20284.300173
179.512731,21,20307.531316
164.06965,18,20327.629769
76.482301,23,20352.999886
100.0,1,20355.25031
108.405225,23,20380.569729
100.0,1,20383.319832
53.324382,23,20408.63945
100.0,1,20410.891276
72.211575,23,20436.160017
100.0,1,20438.412779
-2.233832,23,20463.730211
100.0,1,20465.980289
-2.629114,23,20491.310168
100.0,1,20493.561421
83.929616,23,20518.929405
100.0,1,20521.180296
80.709798,23,20546.549781
100.0,1,20548.803686
24.048341,23,20574.119526
100.0,1,20576.369972
77.931548,23,20601.72222
100.0,1,20603.942215
107.905253,23,20629.189467
100.0,1,20631.441487
27.091087,23,20656.761408
100.0,1,20658.96393
61.23903,23,20684.830661
100.0,1,20687.083632
83.205298,23,20712.502747
100.0,1,20714.749266
70.737367,23,20740.069815
100.0,1,20742.322093
13.505348,23,20767.589958
100.0,1,20769.843509
164.095269,18,20789.963776
78.917939,23,20815.330986
100.0,1,20817.579717
63.323671,23,20842.929569
100.0,1,20845.203422
104.184789,23,20870.549782
100.0,1,20872.899474
85.934709,23,20898.21963
100.0,1,20900.4691
-0.023739,23,20925.889861
100.0,1,20928.140353
97.294903,23,20953.463419
100.0,1,20955.710798
81.156226,23,20981.580473
100.0,1,20983.831671
106.88604,23,21009.200065
100.0,1,21011.449781
164.615833,17,21030.524288
74.081594,23,21055.840803
100.0,1,21058.091111
69.995131,23,21083.390064
-100.0,1,21085.613159
65.524762,23,21110.960055
100.0,1,21113.210807
58.499837,23,21138.570373
100.0,1,21140.819824
70.23244,23,21166.13985
100.0,1,21168.389403
108.633968,23,21193.759454
100.0,1,21196.01006
67.569266,23,21221.381401
100.0,1,21223.631963
68.726368,23,21248.95183
100.0,1,21251.200496
77.573184,23,21277.072106
100.0,1,21279.3199
41.470705,23,21304.689142
100.0,1,21306.940075
179.077014,22,21331.259774
79.464945,23,21356.57961
-100.0,1,21358.829783
68.881573,23,21384.151247
100.0,1,21386.400291
-21.957762,23,21411.699711
100.0,1,21413.974845
179.672908,21,21437.170569
57.641132,23,21462.44062
100.0,1,21464.695003
91.360548,23,21490.012285
100.0,1,21492.263768
74.705658,23,21517.679517
100.0,1,21519.934277
98.419985,23,21545.25131
100.0,1,21547.499792
96.808905,23,21573.509102
100.0,1,21575.714571
50.283473,23,21601.031486
100.0,1,21603.28136
-9.396459,23,21628.55094
100.0,1,21630.801273
65.579538,23,21656.110743
100.0,1,21658.359293
73.68201,23,21683.61345
100.0,1,21685.880804
64.595985,23,21711.180161
-100.0,1,21713.432471
91.13015,23,21738.799893
100.0,1,21741.050772
62.337376,23,21766.419836
100.0,1,21768.671772
93.653629,23,21793.993415
100.0,1,21796.240206
51.647343,23,21821.60091
100.0,1,21823.849159
53.684237,23,21849.069674
100.0,1,21851.269356
84.616194,23,21877.089637
100.0,1,21879.346486
80.810106,23,21904.649928
100.0,1,21906.899539
68.231063,23,21932.220701
100.0,1,21934.470504
19.004713,23,21959.839055
100.0,1,21962.039146
73.276551,23,21987.359851
100.0,1,21989.61418
74.107468,23,22014.96972
100.0,1,22017.270236
85.479923,23,22042.622093
100.0,1,22044.842246
98.844536,23,22070.140086
100.0,1,22072.389108
71.947849,23,22097.662137
100.0,1,22099.909384
64.722397,23,22125.229694
100.0,1,22127.479446
60.648258,23,22153.150097
100.0,1,22155.399997
64.000717,23,22180.760178
-100.0,1,22183.012048
179.202626,22,22207.333424
179.656729,21,22230.599517
83.770508,23,22255.974305
100.0,1,22258.219729
168.712538,23,22283.671243
78.598322,23,22308.98172
100.0,1,22311.229334
57.834875,23,22336.600144
100.0,1,22338.849453
104.360674,23,22364.121002
100.0,1,22366.371302
82.084161,23,22391.679821
100.0,1,22393.932428
96.242856,23,22419.249928
100.0,1,22421.60273
68.8867,23,22447.399971
100.0,1,22449.650123
89.043877,23,22475.021484
100.0,1,22477.270158
96.496942,23,22502.490892
100.0,1,22504.739191
104.542381,23,22530.110559
-0.244758,23,22555.469591
-5.404997,23,22580.67004
-0.230001,23,22605.940439
-0.229998,23,22631.30996
-13.455003,23,22656.490574
-12.879995,23,22681.891021
-0.230003,23,22707.259261
-100.0,1,22709.511651
-12.879995,23,22735.279956
-14.605001,23,22760.630002
-16.329997,23,22785.899363
-15.179996,23,22811.259749
-0.230002,23,22836.581062
-3.105,23,22861.850917
-3.105003,23,22887.169148
-3.105004,23,22912.369891
-8.279998,23,22937.68007
-14.605001,23,22962.99994
-6.555,23,22988.273507
-3.105003,23,23014.081652
-0.229998,23,23039.449588
-14.030002,23,23064.801244
-0.229998,23,23090.069879
-14.605,23,23115.329808
-0.229998,23,23140.599894
-16.329997,23,23165.819522
-12.879995,23,23191.180459
-14.030002,23,23216.50016
-8.279996,23,23241.849575
-8.279998,23,23267.210737
-3.105,23,23292.880363
-0.229998,23,23318.099809
-0.230003,23,23343.363794
-16.904998,23,23368.633309
-3.105003,23,23393.979365
-12.880002,23,23419.189873
-16.904998,23,23444.460141
-12.880002,23,23469.682336
-12.879995,23,23494.839943
-16.330002,23,23520.109695
-5.404997,23,23545.429698
-15.179996,23,23570.629473
-0.229998,23,23596.492347
-10.579998,23,23621.811579
-16.905,23,23647.070339
-0.229999,23,23672.390103
-4.254997,23,23697.850662
-0.229998,23,23723.199683
-16.330004,23,23748.421045
-18.629999,23,23773.730108
-5.404997,23,23799.049637
-16.330004,23,23824.311102
-16.905,23,23849.534226
-12.879995,23,23875.280381
-16.904998,23,23900.540353
-17.639997,24,23926.709465
-11.155003,23,23951.969986
-15.179996,23,23977.133921
-12.879999,23,24002.399856
-9.430007,23,24027.710311
-8.279998,23,24053.160097
-10.579998,23,24078.379148
-14.030003,23,24103.59181
-14.030002,23,24128.809974
-15.179996,23,24154.483898
-16.330002,23,24179.792807
-16.904998,23,24204.989511
-0.230001,23,24230.213748
-14.605001,23,24255.520564
-12.880006,23,24280.841743
-16.329997,23,24306.15006
-14.605,23,24331.370519
-6.554997,23,24356.62992
-8.279996,23,24381.829609
-11.73,23,24406.999675
-0.229998,23,24432.759522
-13.455003,23,24457.934867
-0.230004,23,24483.240583
-12.880006,23,24508.549741
-0.229998,23,24533.899162
-14.029999,23,24559.169586
-6.555,23,24584.480191
-10.579998,23,24609.750158
-11.73,23,24634.964573
-16.905,23,24660.280065
-15.180002,23,24685.585537
-10.579996,23,24711.441617
-10.579996,23,24736.710401
-8.279996,23,24761.971998
-15.180002,23,24787.239974
-8.279999,23,24812.550451
-5.404997,23,24837.759795
-5.404997,23,24863.059801
-10.579996,23,24888.479688
-9.430007,23,24913.79958
-0.229998,23,24939.060484
-8.279996,23,24964.381631
-0.229998,23,24990.089362
-4.254997,23,25015.289498
-6.554997,23,25040.660114
-16.905,23,25065.969701
-16.329997,23,25091.243602
-16.330004,23,25116.549691
-16.905,23,25141.861834
-14.605001,23,25167.181291
-14.605,23,25192.484588
-6.555,23,25217.789796
-8.279998,23,25243.109678
-6.554997,23,25268.921154
-16.330004,23,25294.23982
-16.905,23,25319.550099
-16.329997,23,25344.849882
-0.229999,23,25370.160954
-15.179996,23,25395.429483
-0.229998,23,25420.639555
-12.879995,23,25445.86008
-0.229998,23,25471.169669
-14.030002,23,25496.4929
-3.105,23,25521.790722
-11.155003,23,25547.499278
-16.905,23,25572.670572
-9.430007,23,25597.980129
-14.605001,23,25623.206416
-15.179996,23,25648.511225
-14.030003,23,25673.709891
-0.230004,23,25699.020071
-8.279996,23,25724.290101
-8.279996,23,25749.64993
-9.430007,23,25774.960171
-0.230004,23,25800.279126
-16.905,23,25825.629087
-16.330002,23,25851.490856
-1.380007,23,25876.850703
-5.404997,23,25902.070036
-0.229998,23,25927.32925
-16.905,23,25952.690076
-4.254997,23,25977.962219
-6.555,23,26003.210757
-15.180002,23,26028.471458
-14.640002,24,26054.594511
-14.030003,23,26079.849331
-0.229998,23,26105.119783
-12.880006,23,26130.829965
-0.229998,23,26156.130799
-15.24,24,26182.2897
-8.279996,23,26207.509362
-6.555,23,26232.720131
-8.279996,23,26258.180654
-14.029999,23,26283.491732
-14.605001,23,26308.713802
-6.554997,23,26334.011079
-14.605001,23,26359.319946
-3.105004,23,26384.679373
-16.904997,23,26410.491764
-15.754995,23,26435.769737
-16.330004,23,26461.070259
-16.905,23,26486.372641
-16.905,23,26511.729813
-15.179996,23,26537.005719
-15.179996,23,26562.309653
-0.229998,23,26587.635045
-16.329997,23,26612.990833
-16.905,23,26638.264655
-5.404997,23,26663.564712
-8.279998,23,26689.419598
-0.230001,23,26714.689721
-3.105,23,26740.001796
-6.555,23,26765.210379
-16.905,23,26790.437742
-8.279996,23,26815.780483
-12.880006,23,26841.139707
-15.179996,23,26866.401235
-12.880006,23,26891.620375
-12.880002,23,26916.882718
-15.179996,23,26942.190388
-12.880002,23,26968.000815
-1.380007,23,26993.25015
-15.179996,23,27018.67021
-1.380007,23,27043.980194
-16.905,23,27069.24189
-8.279996,23,27094.550853
-15.179996,23,27119.774107
-16.904997,23,27145.074391
-16.329997,23,27170.380172
-8.279996,23,27195.690128
-11.155003,23,27221.010542
-14.605001,23,27246.872308
-14.030002,23,27272.040797
-16.330004,23,27297.241612
-3.105004,23,27322.599521
-11.155003,23,27347.814923
-0.230003,23,27373.130646
-12.879999,23,27398.440047
-11.73,23,27423.769854
-100.0,1,27426.021977
-0.229998,23,27451.340626
-11.73,23,27476.543191
-1.440007,24,27502.750786
-6.555,23,27528.559879
-8.279998,23,27553.920586
-14.029999,23,27579.140188
-3.105004,23,27604.402468
-4.254997,23,27629.660542
-1.380007,23,27654.960196
-3.105003,23,27680.170209
-12.880006,23,27705.439714
-0.230004,23,27730.70043
-16.904997,23,27755.960166
-18.629999,23,27781.184964
-18.629999,23,27806.984181
-15.179996,23,27832.344746
-0.229998,23,27857.700995
-3.105,23,27882.920419
-8.279999,23,27908.21979
-15.179996,23,27933.439841
-14.605001,23,27958.751102
-16.905,23,27984.099705
-15.180002,23,28009.361104
-18.629999,23,28034.630368
-14.030003,23,28059.989822
-0.229998,23,28085.811603
-16.329997,23,28111.069793
-0.229998,23,28136.369087
-14.605001,23,28161.630387
-5.404997,23,28186.856008
-16.330002,23,28212.212162
-15.754995,23,28237.571217
-10.579998,23,28262.83958
-3.105004,23,28288.152064
-15.179996,23,28313.400768
-1.380007,23,28338.659812
-0.230003,23,28363.981401
-18.629999,23,28389.792051
-11.155003,23,28415.062383
-14.605001,23,28440.320831
-10.579998,23,28465.67021
-0.230003,23,28490.994812
-0.230001,23,28516.302224
-14.030003,23,28541.526225
-14.605,23,28566.779502
-14.605001,23,28592.14073
-16.329997,23,28617.341949
-10.579998,23,28642.661706
-8.279996,23,28668.470397
-8.279998,23,28693.732099
-3.105004,23,28719.04935
-0.230004,23,28744.359095
-0.230004,23,28769.68055
-6.555,23,28794.930104
-12.880006,23,28820.189629
-14.030002,23,28845.500707
-14.029999,23,28870.820234
-18.629999,23,28896.079659
-16.330002,23,28921.350961
-16.330004,23,28947.101316
-0.230003,23,28972.459351
-14.605,23,28997.780339
-14.605,23,29023.089254
-14.030002,23,29048.401032
-1.380007,23,29073.669379
-16.905,23,29099.03058
-14.029999,23,29124.281311
-8.279996,23,29149.550739
-9.430007,23,29174.810604
-0.229999,23,29200.131288
-12.879995,23,29225.994168
-3.105003,23,29251.310535
-14.605001,23,29276.661959
-16.330002,23,29302.019485
-15.754995,23,29327.280766
-14.605001,23,29352.550304
-5.404997,23,29377.910697
-1.380007,23,29403.230651
-15.754995,23,29428.49015
-16.904997,23,29453.840614
-16.904998,23,29479.160353
-16.904997,23,29504.919734
-13.455003,23,29530.233489
-16.905,23,29555.500384
-12.879999,23,29580.76058
-15.179996,23,29606.110754
-5.404997,23,29631.330873
-8.279999,23,29656.69013
-8.279996,23,29681.909801
-15.180002,23,29707.170321
-0.229998,23,29732.489791
-16.330002,23,29757.840861
-16.905,23,29783.601922
-12.879995,23,29808.812198
-0.230001,23,29834.129961
-11.73,23,29859.440315
-0.229998,23,29884.760016
-0.230003,23,29910.020037
-0.230002,23,29935.320239
-4.254997,23,29960.591181
-6.554997,23,29985.900797
-0.230001,23,30011.221157
-0.230003,23,30036.444608
-5.404997,23,30062.300585
-0.229998,23,30087.599123
-12.879995,23,30112.875101
-14.605001,23,30138.229769
-0.229998,23,30163.549409
-9.430007,23,30188.860093
-16.905,23,30214.129368
-11.155003,23,30239.490373
-14.029999,23,30264.739793
-6.554997,23,30289.960028
-8.279999,23,30315.12929
-10.579996,23,30340.890459
-8.279996,23,30366.153033
-0.229998,23,30391.520576
-15.179996,23,30416.820459
-11.155003,23,30442.040317
-14.605001,23,30467.249689
-5.404998,23,30492.474607
-4.254997,23,30517.779349
-10.579996,23,30543.000225
-3.105004,23,30568.301903
-0.229998,23,30593.659305
-12.880006,23,30618.830298
-14.605,23,30644.539944
-16.905,23,30669.759418
-5.404998,23,30695.024382
-0.229998,23,30720.389835
-8.279998,23,30745.592128
-16.904997,23,30770.911043
-12.880002,23,30796.235008
-16.330004,23,30821.540576
-14.605001,23,30846.80951
-5.404997,23,30872.069422
-10.579998,23,30897.319383
-16.329997,23,30923.140239
-3.105003,23,30948.415795
-18.629999,23,30973.720298
-3.105003,23,30999.030359
-3.105003,23,31024.400499
-14.605001,23,31049.670319
-9.430007,23,31074.97026
-5.404997,23,31100.295884
-1.380007,23,31125.550134
-100.0,1,31127.80019
-0.229998,23,31153.120881
-10.579996,23,31178.440511
-8.279996,23,31204.299525
-15.754995,23,31229.660777
-12.880006,23,31254.862044
-9.430007,23,31280.129921
-16.904997,23,31305.350123
-16.330004,23,31330.710069
-11.155003,23,31356.030679
-5.404997,23,31381.352574
-0.229998,23,31406.699559
-15.754995,23,31431.959759
-13.439999,24,31458.180732
-0.230004,23,31483.902482
-16.330004,23,31509.163577
-0.229998,23,31534.432069
-0.229998,23,31559.790137
-12.879995,23,31585.093101
-3.105003,23,31610.363596
-13.455003,23,31635.68061
-9.430007,23,31660.949435
-15.754995,23,31686.211843
-8.279996,23,31711.479811
-0.229998,23,31736.779139
-8.279998,23,31762.499813
-16.905,23,31787.769641
-14.030003,23,31813.130993
-8.279999,23,31838.400283
-14.605001,23,31863.625691
-12.879995,23,31888.869537
-0.229998,23,31914.232032
-3.105004,23,31939.499609
-11.73,23,31964.721963
-0.230003,23,31989.89408
-13.455003,23,32015.101225
-0.229998,23,32040.924717
-12.879995,23,32066.170254
-0.230002,23,32091.372416
-6.555,23,32116.689274
-15.179996,23,32141.96043
-16.330004,23,32167.230478
-14.030002,23,32192.592159
-16.330002,23,32217.891312
-14.030002,23,32243.260889
-11.73,23,32268.529634
-10.579996,23,32293.840099
-5.404998,23,32319.659686
-16.329997,23,32344.880013
-3.105,23,32370.19085
-3.105003,23,32395.541748
-14.030003,23,32420.811091
-15.179996,23,32446.129544
-12.880002,23,32471.350184
-16.330002,23,32496.57099
-12.879999,23,32521.783865
-18.629999,23,32547.134439
-3.105004,23,32572.449375
-100.0,1,32574.749624
-16.905,23,32600.621081
-5.404998,23,32625.941715
-6.554997,23,32651.150647
-0.230003,23,32676.46934
-3.105,23,32701.795351
-12.880002,23,32727.13973
-0.230001,23,32752.45963
-12.879999,23,32777.730828
-8.279996,23,32803.040708
-12.880002,23,32828.265454
-4.254997,23,32853.630834
-100.0,1,32855.879683
-0.230002,23,32881.749395
-0.229998,23,32907.04996
-0.229999,23,32932.369507
-100.0,1,32934.622865
-0.229998,23,32959.979362
-0.230003,23,32985.299065
-16.904998,23,33010.620114
-8.279996,23,33035.890552
-15.179996,23,33061.115023
-10.579998,23,33086.413989
-0.230003,23,33111.822385
-16.330002,23,33137.19075
-14.030003,23,33162.510302
-8.279999,23,33188.329472
-16.329997,23,33213.600587
-8.279999,23,33238.900707
-16.905,23,33264.124645
-5.404997,23,33289.431061
-3.105004,23,33314.752493
-14.605001,23,33340.121593
-11.73,23,33365.490039
-16.904998,23,33390.851963
-16.330002,23,33416.099787
-0.229998,23,33441.419833
-3.105004,23,33467.342247
-11.73,23,33492.659279
-0.229998,23,33517.981127
-3.105003,23,33543.290433
-0.230001,23,33568.590536
-12.880006,23,33593.959965
-8.279996,23,33619.280259
-16.330004,23,33644.599011
-16.330002,23,33669.969579
-0.230002,23,33695.33989
-8.279996,23,33720.69184
-14.029999,23,33746.561057
-8.279998,23,33771.98033
-14.030003,23,33797.349521
-9.430007,23,33822.721339
-16.329997,23,33848.080185
-6.554997,23,33873.449607
-8.279996,23,33898.849764
-6.555,23,33924.170766
-0.230001,23,33949.44436
-8.279998,23,33974.760032
-3.105003,23,34000.130224
-0.229999,23,34026.249407
-16.330002,23,34051.571823
-1.380007,23,34076.970341
-0.229999,23,34102.34
-11.155003,23,34127.662779
-3.105004,23,34152.979401
-15.179996,23,34178.302489
-16.329997,23,34203.659751
-5.639998,24,34229.769141
-6.554997,23,34255.129603
-5.404997,23,34280.450355
-5.404998,23,34306.330358
-10.579998,23,34331.602895
-16.330004,23,34356.869207
-0.230004,23,34382.189713
-15.180002,23,34407.440217
-11.73,23,34432.810597
-10.579996,23,34458.120159
-5.404997,23,34483.339808
-106.479999,19,34504.477562
-7.840007,14,34520.320055
117.559514,23,34545.6902
31.53206,20,34567.778502
-2.55,5,34574.008764
-0.039998,4,34580.108265
-5.519998,12,34593.67192
-100.0,1,34596.078854
-0.420007,7,34604.507971
-3.659999,6,34612.029922
46.110995,9,34623.277244
-3.675,5,34629.719182
-7.839999,14,34645.610092
94.41124,23,34670.980382
-1.630001,23,34696.349654
-16.329997,23,34721.671713
-5.404997,23,34747.040042
-0.229998,23,34772.410324
-11.155003,23,34797.86008
-16.330004,23,34823.229179
-0.230004,23,34848.599292
-14.605,23,34874.520329
-8.279996,23,34899.893001
-12.879999,23,34925.210522
-9.430007,23,34950.560217
-0.229999,23,34975.929742
-16.905,23,35001.299385
-12.880006,23,35026.628232
-100.0,1,35028.927578
-0.049998,5,35035.266308
-1.439996,4,35040.568698
-1.439996,4,35045.906614
-3.239999,4,35051.236928
-0.040002,4,35056.611785
-2.94,4,35061.917611
-1.174999,5,35068.525932
-1.439997,4,35073.995914
-1.839998,4,35079.907286
-100.0,1,35082.226136
-100.0,1,35084.52811
-100.0,1,35086.886988
-2.440003,4,35092.327558
-9.239996,14,35108.352755
10.559895,23,35133.670739
-13.605003,23,35158.870591
-0.230002,23,35184.607723
-14.605,23,35209.769926
-12.880006,23,35235.045532
-16.904998,23,35260.409712
37.857934,21,35283.598808
-3.175001,5,35289.920402
-1.425001,5,35296.550022
-8.539999,14,35312.499417
-4.784996,6,35319.760389
-0.540003,4,35325.086598
-100.0,1,35327.397263
-3.175001,5,35333.648062
141.353285,23,35359.193461
-15.205002,23,35384.515097
-16.329997,23,35409.78035
-4.254997,23,35435.153822
-16.330004,23,35461.050099
-12.880006,23,35486.221168
-0.229998,23,35511.540186
-13.455003,23,35536.812963
-12.880002,23,35562.035138
-11.155003,23,35587.350417
-16.330004,23,35612.719967
43.737934,13,35627.405524
-2.050007,5,35633.774764
-12.245002,17,35652.783191
-4.619996,7,35661.310404
-23.412995,23,35686.679946
-9.93,23,35712.049992
-0.229998,23,35737.419619
-16.904997,23,35763.339979
-0.229998,23,35788.690116
-16.904998,23,35814.060611
43.937934,13,35828.86977
11.701256,23,35854.039798
-100.0,1,35856.28999
97.732879,5,35862.524948
-0.130004,13,35877.429354
-100.0,1,35879.679951
-100.0,1,35881.868557
-2.050007,5,35888.12628
-6.479996,18,35908.340633
-0.229998,23,35933.699796
-10.579998,23,35959.03018
-0.230003,23,35984.35171
-12.879999,23,36009.721061
-0.160003,16,36029.192142
